title,url,view,upload_date
중국 어린 시절 문구점 간식 2탄,https://youtube.com/shorts/ch7P3vRYxQ8,조회수 256만회,2개월 전
요즘 핫한 일본여행 돈키호테 쇼핑리스트..!!!,https://youtube.com/shorts/IK5_d1LwRUE,조회수 99만회,9개월 전
SNS핫한📈 다이어트 고구마깨찰빵..🍠 꼭 만들어보세요(준비물 단3가지),https://youtube.com/shorts/tvSmcgQQ5yw,조회수 97만회,9개월 전
쿠팡 품절 간식 3가지 #살림남,https://youtube.com/shorts/4rPOb5xM_ns,조회수 47만회,2개월 전
지금 미국에서 제일 핫한 간식,https://youtube.com/shorts/CnJSWB7g5CE,조회수 38만회,2주 전
중국 쌉고수와 함께 하는 요즘 핫한 중국 간식들 리뷰,https://youtube.com/watch?v=U3cLYZORnH0&pp=ygUU7ZWr7ZWcIOqwhOyLnSDsnYzsi50%3D,조회수 17만회,8개월 전
해외 틱톡에서 핫한 피클간식 + 젤리?! 머거 보쟈 🥒 💙,https://youtube.com/shorts/OPNbbUbmVU0,조회수 13만회,1개월 전
요즘 핫한 감자요리 🥔  초간단 해쉬브라운 만드는법 #요리 #레시피 #cooking #recipe #간식 #술안주,https://youtube.com/shorts/L5IHegDBSE8,조회수 8.1만회,3개월 전
아빠랑 핫한 간식 #딕만스 먹어봤다.,https://youtube.com/shorts/pitUORs2pRU,조회수 4.3만회,7개월 전
오뚜기 스프 과자? 츄파춥스 무지개떡 젤리?,https://youtube.com/shorts/cPoevD7CvUg,조회수 8.3만회,9개월 전
요즘 핫한 찰떡 초코칩,https://youtube.com/shorts/ZyqwUH-RITI,조회수 1.9만회,6개월 전
핫한 두바이초콜릿 뒤를 이을 해태제과 오예스피스타치오 #신상과자 #간식추천 #shorts,https://youtube.com/shorts/aVkT5qvtFmk,조회수 1.8만회,4개월 전
✨요즘 핫한 딕만스 얼려먹기✨,https://youtube.com/shorts/WAZV9eswCBk,조회수 1.7만회,6개월 전
해외에서 핫한 마시멜로 버섯 #shorts #마시멜로,https://youtube.com/shorts/ix9ggDR8fcU,조회수 1.6만회,1개월 전
실시간 서면시장에서 젤 핫한 집 간식맛집 도레미고구마,https://youtube.com/shorts/Cghdwd6E--s,조회수 1.5만회,4개월 전
(춤추는단아) Part.2/요새 핫한🔥간식 요.아.정 리뷰 가볼까요?! 🍍 #요아정 #간식리뷰#요거트아이스크림#정석#간식추천#춤추는곰돌#afstarz#리뷰영상#fyp#알고리즘#간식,https://youtube.com/shorts/2dTWcFHjgYE,조회수 1.3만회,2개월 전
📈SNS핫한 다이어트간식 바나나 롤샌드위치 땅콩버터+바나나 조합 말해뭐해🥹🍌🥪,https://youtube.com/shorts/4lX0ch9IjJg,조회수 1.3만회,6개월 전
"요즘 핫한 이란 대표 간식, ""라바삭"" Iranian traditional snack, Lavashak #snacks #shorts",https://youtube.com/shorts/U7LEpxclOIM,조회수 1.3만회,2개월 전
SNS핫한 젤리원조⁉️#맛집브이로그 #부산맛집 #jelly #간식 #foodie #쇼츠 #깡통시장 #남포동 #젤리 #shorts,https://youtube.com/shorts/rYT1geBqyxo,조회수 1.3만회,9개월 전
지금 제일 핫한 두바이 간식의 승자는? 🍫이웃집 통통이 vs 두바이 스타일 초콜릿,https://youtube.com/shorts/eDUKrusXjnM,조회수 1.1만회,2개월 전
이거 역대급 맛 보장합니다 요즘 핫한🔥간식 두바이초콜릿🍫 이렇게 만들어 보세요 #추천 #요리 #간식 #초콜릿 #두바이초콜릿,https://youtube.com/shorts/cBJFcoNYFaI,조회수 1.1만회,4개월 전
요즘 핫한 메론간식 이모티콘먹방🍈Melon snack emoticon challenge that's hot these days,https://youtube.com/shorts/8h0egs2K-oc,조회수 1.1만회,3개월 전
(춤추는단아) 요새 핫한🔥간식 요.아.정 리뷰 가볼까요?! 최애조합추천부탁❤️‍🔥#요아정 #간식리뷰#요거트아이스크림#정석#간식추천#춤추는곰돌#afstarz#리뷰영상#fyp#알고리즘,https://youtube.com/shorts/U48AKyCRvUY,조회수 1만회,2개월 전
요즘 가장 핫한 코스트코 추천간식! 달콤바삭000! #빵#베이커리#크루아상#크룽지,https://youtube.com/shorts/07aKba4UZBM,조회수 9.9천회,7개월 전
요즘 핫한 감자 사용법 #간단요리#간식#유지어터식단,https://youtube.com/shorts/bvCDX0XPNt8,조회수 9.3천회,5개월 전
요즘 핫한 간식 ⭐️달고나 쌍쌍바⭐️ 만들어봤어요~🤭 #달고나#달고나쌍쌍바#쌍쌍바,https://youtube.com/shorts/IcWHxRVKTzw,조회수 9천회,7개월 전
✨요즘 핫한 익산 농협 신메뉴 멜론 찹쌀떡✨,https://youtube.com/shorts/-CLWJxdHBHQ,조회수 8.5천회,5개월 전
요즘 핫한 제로탕후루 맛있을까?? #제로탕후루 #귤탕후루,https://youtube.com/shorts/IqVdKjJn5KQ,조회수 7.5천회,7개월 전
"요즘 핫한 간식, 크로칸슈!",https://youtube.com/shorts/bBR4D51Ti-E,조회수 7.5천회,10개월 전
요즘 핫한 bhc신상,https://youtube.com/shorts/38z7Ov4kLl8,조회수 7.4천회,7개월 전
핫한 신상! 푸냥이 출시! 🌟 #디저트 #리뷰 #간식 #신상 #신상간식,https://youtube.com/shorts/dt5oUNYfPVs,조회수 7.3천회,8개월 전
핫한 푸냥이 푸딩젤리🍮편의점에 있어요.🐱✨,https://youtube.com/shorts/jxz6lMDDNPA,조회수 7.2천회,8개월 전
SNS에서 핫한 간식!! #감지구이 #통감자구이 #아코디언감자 #회오리감자 #Grilledpotatoes #potato #potatorecipe,https://youtube.com/shorts/oz-ulMFl-VU,조회수 7.1천회,4개월 전
요즘 핫한 gs신상 요아정 파르페 리뷰! #요아정 #gs편의점 #신상 #리뷰 #아이스크림 #추천 #간식 #shorts #review #icecream #mukbang #new,https://youtube.com/shorts/151oesp2mK8,조회수 6.9천회,2개월 전
요즘 핫한 오크베리 아사이볼 꿀조합 레시피💜,https://youtube.com/shorts/y8vOvUrUhP0,조회수 5.5천회,2개월 전
요즘 핫한 간식  #데카포 만들기,https://youtube.com/shorts/VulYbrL-quM,조회수 4.8천회,4개월 전
요즘 핫한 베트남 국민 간식 #간단요리#다이어트식단#라이스페이퍼,https://youtube.com/shorts/WSVvMOTxe-I,조회수 4.6천회,5개월 전
#아낌없이주리라 #장민 #요즘대세 #핫한 #간식 #찰덕궁합,https://youtube.com/shorts/z7lVCjiTjnI,조회수 4.4천회,4개월 전
MZ핫한 음식 요아정...실화냐... #shorts,https://youtube.com/shorts/M74VZ8ZxxSM,조회수 4천회,3개월 전
하태하태 핫한 #이웃집통통이두바이식쿠키 근데 왜 핫한거에유? 노맛..😔 #편의점 #두바이초콜릿 #두바이초코쿠키,https://youtube.com/shorts/gIFrujliwJw,조회수 3.5천회,3개월 전
